Generation,Best_Pearson_r,Population_Mean_r,Weight_RTT,Weight_UTIL
1,0.7663762859327563,0.7274624441899731,0.5834876143451218,0.4165123856548782
2,0.7663791462619777,0.7629089344868447,0.5801717372607456,0.4198282627392545
3,0.7663794384222994,0.7657472072072457,0.5809448060689426,0.41905519393105745
4,0.7663794384222994,0.7657244267640041,0.5809448060689426,0.41905519393105745
5,0.7663794384222994,0.7658545152734064,0.5809448060689426,0.41905519393105745
6,0.7663794384222994,0.7657919350662483,0.5809448060689426,0.41905519393105745
7,0.7663794384224736,0.7658566771817215,0.5809451693778392,0.41905483062216076
8,0.7663794384225187,0.765828102435953,0.5809455146697028,0.4190544853302972
9,0.7663794384225187,0.7659482752976956,0.5809455146697028,0.4190544853302972
10,0.7663794384225193,0.7659225183922129,0.5809455006835702,0.4190544993164299
11,0.7663794384225198,0.7658370171430626,0.5809454916179342,0.41905450838206576
12,0.76637943842252,0.7658424400050043,0.5809454868978189,0.4190545131021812
13,0.7663794384225201,0.7658869232730809,0.5809454876811648,0.4190545123188352
14,0.7663794384225202,0.7658908264973647,0.5809454826505062,0.41905451734949384
15,0.7663794384225202,0.7659477766906576,0.5809454826505062,0.41905451734949384
16,0.7663794384225202,0.7658795110751007,0.5809454826505062,0.41905451734949384
17,0.7663794384225202,0.7658936291272848,0.5809454826505062,0.41905451734949384
18,0.7663794384225202,0.7660190560883011,0.5809454826505062,0.41905451734949384
19,0.7663794384225202,0.7659134626195236,0.5809454826505062,0.41905451734949384
20,0.7663794384225202,0.7659996036039081,0.5809454826505062,0.41905451734949384
21,0.7663794384225202,0.7658034526844529,0.5809454826505062,0.41905451734949384
22,0.7663794384225202,0.7659005761872877,0.5809454826505062,0.41905451734949384
23,0.7663794384225202,0.7657733810160954,0.5809454826505062,0.41905451734949384
24,0.7663794384225202,0.7660027512636167,0.5809454826505062,0.41905451734949384
25,0.7663794384225203,0.7658846770983398,0.5809454832250976,0.4190545167749023
26,0.7663794384225203,0.7659379430970492,0.5809454832250976,0.4190545167749023
27,0.7663794384225203,0.7659097260523604,0.5809454832250976,0.4190545167749023
28,0.7663794384225203,0.7659416081737508,0.5809454832250976,0.4190545167749023
29,0.7663794384225203,0.7659043699914745,0.5809454832250976,0.4190545167749023
30,0.7663794384225203,0.7658925807376178,0.5809454832250976,0.4190545167749023
31,0.7663794384225203,0.7660324870906086,0.5809454832250976,0.4190545167749023
32,0.7663794384225203,0.765997809143576,0.5809454832250976,0.4190545167749023
33,0.7663794384225203,0.7658976669381409,0.5809454832250976,0.4190545167749023
34,0.7663794384225203,0.7657596758746467,0.5809454832250976,0.4190545167749023
35,0.7663794384225203,0.766012175287661,0.5809454832250976,0.4190545167749023
36,0.7663794384225203,0.7659277741492315,0.5809454832250976,0.4190545167749023
37,0.7663794384225203,0.7659110831204469,0.5809454832250976,0.4190545167749023
38,0.7663794384225203,0.7659767201331175,0.5809454832250976,0.4190545167749023
39,0.7663794384225203,0.7660483229425342,0.5809454832250976,0.4190545167749023
40,0.7663794384225203,0.7659207253767881,0.5809454832250976,0.4190545167749023
41,0.7663794384225203,0.7659220161506434,0.5809454832250976,0.4190545167749023
42,0.7663794384225203,0.7659909303958374,0.5809454832250976,0.4190545167749023
43,0.7663794384225203,0.7660378800666363,0.5809454832250976,0.4190545167749023
44,0.7663794384225203,0.765986975675346,0.5809454832250976,0.4190545167749023
45,0.7663794384225203,0.765751500283451,0.5809454832250976,0.4190545167749023
46,0.7663794384225203,0.7658956134607401,0.5809454832250976,0.4190545167749023
47,0.7663794384225203,0.766053059770699,0.5809454832250976,0.4190545167749023
48,0.7663794384225203,0.7657185766786321,0.5809454832250976,0.4190545167749023
49,0.7663794384225203,0.7660531324405291,0.5809454832250976,0.4190545167749023
50,0.7663794384225203,0.7659343102193877,0.5809454832250976,0.4190545167749023
51,0.7663794384225203,0.7659212089199444,0.5809454832250976,0.4190545167749023
52,0.7663794384225203,0.7659883890431045,0.5809454832250976,0.4190545167749023
53,0.7663794384225203,0.7659346871223953,0.5809454832250976,0.4190545167749023
54,0.7663794384225203,0.7659843869492486,0.5809454832250976,0.4190545167749023
55,0.7663794384225203,0.7659859985047355,0.5809454832250976,0.4190545167749023
56,0.7663794384225203,0.7658653212551297,0.5809454832250976,0.4190545167749023
57,0.7663794384225203,0.7660008475617401,0.5809454832250976,0.4190545167749023
58,0.7663794384225203,0.7659453765340991,0.5809454832250976,0.4190545167749023
59,0.7663794384225203,0.7659913000872629,0.5809454832250976,0.4190545167749023
60,0.7663794384225203,0.765973530594799,0.5809454832250976,0.4190545167749023
61,0.7663794384225203,0.765951069569694,0.5809454832250976,0.4190545167749023
62,0.7663794384225203,0.7660191957142217,0.5809454832250976,0.4190545167749023
63,0.7663794384225203,0.7659321790634415,0.5809454832250976,0.4190545167749023
64,0.7663794384225203,0.7660619194976158,0.5809454832250976,0.4190545167749023
65,0.7663794384225203,0.7660127209093899,0.5809454832250976,0.4190545167749023
66,0.7663794384225203,0.7657949340045362,0.5809454832250976,0.4190545167749023
67,0.7663794384225203,0.7659686704350955,0.5809454832250976,0.4190545167749023
68,0.7663794384225203,0.7659514873591029,0.5809454832250976,0.4190545167749023
69,0.7663794384225203,0.7661174968355582,0.5809454832250976,0.4190545167749023
70,0.7663794384225203,0.7659175057199195,0.5809454832250976,0.4190545167749023
71,0.7663794384225203,0.7660075530301013,0.5809454832250976,0.4190545167749023
72,0.7663794384225203,0.7659338641247875,0.5809454832250976,0.4190545167749023
73,0.7663794384225203,0.7658791353340175,0.5809454832250976,0.4190545167749023
74,0.7663794384225203,0.765972086337458,0.5809454832250976,0.4190545167749023
75,0.7663794384225203,0.7659457830825678,0.5809454832250976,0.4190545167749023
76,0.7663794384225203,0.7659197077082937,0.5809454832250976,0.4190545167749023
77,0.7663794384225203,0.7659826525080561,0.5809454832250976,0.4190545167749023
78,0.7663794384225203,0.7659299525997106,0.5809454832250976,0.4190545167749023
79,0.7663794384225203,0.7659617913682921,0.5809454832250976,0.4190545167749023
80,0.7663794384225203,0.7659089601995721,0.5809454832250976,0.4190545167749023
81,0.7663794384225203,0.7660015777058655,0.5809454832250976,0.4190545167749023
82,0.7663794384225203,0.7659652824341504,0.5809454832250976,0.4190545167749023
83,0.7663794384225203,0.7658430811957524,0.5809454832250976,0.4190545167749023
84,0.7663794384225203,0.7659711385288208,0.5809454832250976,0.4190545167749023
85,0.7663794384225203,0.7660002134070855,0.5809454832250976,0.4190545167749023
86,0.7663794384225203,0.7660718554409788,0.5809454832250976,0.4190545167749023
87,0.7663794384225203,0.7660380272198706,0.5809454832250976,0.4190545167749023
88,0.7663794384225203,0.7660304500184096,0.5809454832250976,0.4190545167749023
89,0.7663794384225203,0.7659712672196226,0.5809454832250976,0.4190545167749023
90,0.7663794384225203,0.7660024938528404,0.5809454832250976,0.4190545167749023
91,0.7663794384225203,0.765907998346413,0.5809454832250976,0.4190545167749023
92,0.7663794384225203,0.766153132170157,0.5809454832250976,0.4190545167749023
93,0.7663794384225203,0.7660673433802694,0.5809454832250976,0.4190545167749023
94,0.7663794384225203,0.7659101032000969,0.5809454832250976,0.4190545167749023
95,0.7663794384225203,0.7659983029828267,0.5809454832250976,0.4190545167749023
96,0.7663794384225203,0.7659810784090398,0.5809454832250976,0.4190545167749023
97,0.7663794384225203,0.7659766624986266,0.5809454832250976,0.4190545167749023
98,0.7663794384225203,0.7659823733642901,0.5809454832250976,0.4190545167749023
99,0.7663794384225203,0.7659967659710107,0.5809454832250976,0.4190545167749023
100,0.7663794384225203,0.7660205090153367,0.5809454832250976,0.4190545167749023
101,0.7663794384225203,0.7660245664710605,0.5809454832250976,0.4190545167749023
102,0.7663794384225203,0.766023888058613,0.5809454832250976,0.4190545167749023
103,0.7663794384225203,0.7659596484519527,0.5809454832250976,0.4190545167749023
104,0.7663794384225203,0.7659421507689091,0.5809454832250976,0.4190545167749023
105,0.7663794384225203,0.7660227881194979,0.5809454832250976,0.4190545167749023
106,0.7663794384225203,0.7660327589115029,0.5809454832250976,0.4190545167749023
107,0.7663794384225203,0.7660431755307343,0.5809454832250976,0.4190545167749023
108,0.7663794384225203,0.7660487710297051,0.5809454832250976,0.4190545167749023
109,0.7663794384225203,0.7660096333844516,0.5809454832250976,0.4190545167749023
110,0.7663794384225203,0.7660783209224528,0.5809454832250976,0.4190545167749023
111,0.7663794384225203,0.7660045595191353,0.5809454832250976,0.4190545167749023
112,0.7663794384225203,0.766049053270969,0.5809454832250976,0.4190545167749023
113,0.7663794384225203,0.7659543944673958,0.5809454832250976,0.4190545167749023
114,0.7663794384225203,0.7660472067791343,0.5809454832250976,0.4190545167749023
115,0.7663794384225203,0.7661429458437687,0.5809454832250976,0.4190545167749023
116,0.7663794384225203,0.7660073204717559,0.5809454832250976,0.4190545167749023
117,0.7663794384225203,0.7659466702285522,0.5809454832250976,0.4190545167749023
118,0.7663794384225203,0.7660621664295622,0.5809454832250976,0.4190545167749023
119,0.7663794384225203,0.7661365657762362,0.5809454832250976,0.4190545167749023
120,0.7663794384225203,0.7661012653525692,0.5809454832250976,0.4190545167749023
121,0.7663794384225203,0.7660835063944879,0.5809454832250976,0.4190545167749023
122,0.7663794384225203,0.7661169589741688,0.5809454832250976,0.4190545167749023
123,0.7663794384225203,0.7661168125088196,0.5809454832250976,0.4190545167749023
124,0.7663794384225203,0.7660785515237087,0.5809454832250976,0.4190545167749023
125,0.7663794384225203,0.7660061618329742,0.5809454832250976,0.4190545167749023
126,0.7663794384225203,0.7660967821468023,0.5809454832250976,0.4190545167749023
127,0.7663794384225203,0.766090213584256,0.5809454832250976,0.4190545167749023
128,0.7663794384225203,0.766000726852402,0.5809454832250976,0.4190545167749023
129,0.7663794384225203,0.7661024855955422,0.5809454832250976,0.4190545167749023
130,0.7663794384225203,0.7660792229037771,0.5809454832250976,0.4190545167749023
131,0.7663794384225203,0.7659818052669489,0.5809454832250976,0.4190545167749023
132,0.7663794384225203,0.7661281253375559,0.5809454832250976,0.4190545167749023
133,0.7663794384225203,0.7661547168974204,0.5809454832250976,0.4190545167749023
134,0.7663794384225203,0.7659884032975455,0.5809454832250976,0.4190545167749023
135,0.7663794384225203,0.7660313865438748,0.5809454832250976,0.4190545167749023
136,0.7663794384225203,0.7661098321353034,0.5809454832250976,0.4190545167749023
137,0.7663794384225203,0.7660758845853415,0.5809454832250976,0.4190545167749023
138,0.7663794384225203,0.7661477817905347,0.5809454832250976,0.4190545167749023
139,0.7663794384225203,0.766123620378256,0.5809454832250976,0.4190545167749023
140,0.7663794384225203,0.7660748908653154,0.5809454832250976,0.4190545167749023
141,0.7663794384225203,0.7660831180219747,0.5809454832250976,0.4190545167749023
142,0.7663794384225203,0.766047940447207,0.5809454832250976,0.4190545167749023
143,0.7663794384225203,0.7660759755225461,0.5809454832250976,0.4190545167749023
144,0.7663794384225203,0.7660308636970038,0.5809454832250976,0.4190545167749023
145,0.7663794384225203,0.7660817485620615,0.5809454832250976,0.4190545167749023
146,0.7663794384225203,0.7660537374253849,0.5809454832250976,0.4190545167749023
147,0.7663794384225203,0.7661311754427147,0.5809454832250976,0.4190545167749023
148,0.7663794384225203,0.7661276848352163,0.5809454832250976,0.4190545167749023
149,0.7663794384225203,0.7660848389546098,0.5809454832250976,0.4190545167749023
150,0.7663794384225203,0.7661510062350478,0.5809454832250976,0.4190545167749023
151,0.7663794384225203,0.7660641626167148,0.5809454832250976,0.4190545167749023
152,0.7663794384225203,0.7661031335200226,0.5809454832250976,0.4190545167749023
153,0.7663794384225203,0.7661072182880696,0.5809454832250976,0.4190545167749023
154,0.7663794384225203,0.7661042762970419,0.5809454832250976,0.4190545167749023
155,0.7663794384225203,0.7661238539751135,0.5809454832250976,0.4190545167749023
156,0.7663794384225203,0.7660585024469903,0.5809454832250976,0.4190545167749023
157,0.7663794384225203,0.7660725967982259,0.5809454832250976,0.4190545167749023
158,0.7663794384225203,0.7661339354334183,0.5809454832250976,0.4190545167749023
159,0.7663794384225203,0.7661361897253485,0.5809454832250976,0.4190545167749023
160,0.7663794384225203,0.7661260692324248,0.5809454832250976,0.4190545167749023
161,0.7663794384225203,0.7661681513589483,0.5809454832250976,0.4190545167749023
162,0.7663794384225203,0.7660971507602545,0.5809454832250976,0.4190545167749023
163,0.7663794384225203,0.7661859838310023,0.5809454832250976,0.4190545167749023
164,0.7663794384225203,0.7661266043126135,0.5809454832250976,0.4190545167749023
165,0.7663794384225203,0.7660715262864082,0.5809454832250976,0.4190545167749023
166,0.7663794384225203,0.7661449045727036,0.5809454832250976,0.4190545167749023
167,0.7663794384225203,0.766033231938127,0.5809454832250976,0.4190545167749023
168,0.7663794384225203,0.7661000986611899,0.5809454832250976,0.4190545167749023
169,0.7663794384225203,0.7662093600009442,0.5809454832250976,0.4190545167749023
170,0.7663794384225203,0.7661006819813079,0.5809454832250976,0.4190545167749023
171,0.7663794384225203,0.7661408253421463,0.5809454832250976,0.4190545167749023
172,0.7663794384225203,0.7660741749045462,0.5809454832250976,0.4190545167749023
173,0.7663794384225203,0.766092582950056,0.5809454832250976,0.4190545167749023
174,0.7663794384225203,0.766078934621029,0.5809454832250976,0.4190545167749023
175,0.7663794384225203,0.766132787651421,0.5809454832250976,0.4190545167749023
176,0.7663794384225203,0.7661883092870037,0.5809454832250976,0.4190545167749023
177,0.7663794384225203,0.7661560380091356,0.5809454832250976,0.4190545167749023
178,0.7663794384225203,0.7661980384233225,0.5809454832250976,0.4190545167749023
179,0.7663794384225203,0.7661091018350108,0.5809454832250976,0.4190545167749023
180,0.7663794384225203,0.7661695326442783,0.5809454832250976,0.4190545167749023
181,0.7663794384225203,0.7661560848732845,0.5809454832250976,0.4190545167749023
182,0.7663794384225203,0.7660489128782849,0.5809454832250976,0.4190545167749023
183,0.7663794384225203,0.7661519420938079,0.5809454832250976,0.4190545167749023
184,0.7663794384225203,0.7661396955013975,0.5809454832250976,0.4190545167749023
185,0.7663794384225203,0.7661483175678402,0.5809454832250976,0.4190545167749023
186,0.7663794384225203,0.7661193094073319,0.5809454832250976,0.4190545167749023
187,0.7663794384225203,0.7661601649322065,0.5809454832250976,0.4190545167749023
188,0.7663794384225203,0.7660810707178003,0.5809454832250976,0.4190545167749023
189,0.7663794384225203,0.766135003859054,0.5809454832250976,0.4190545167749023
190,0.7663794384225203,0.7661646861959553,0.5809454832250976,0.4190545167749023
191,0.7663794384225203,0.7661632629356327,0.5809454832250976,0.4190545167749023
192,0.7663794384225203,0.7661735854275532,0.5809454832250976,0.4190545167749023
193,0.7663794384225203,0.7661824044605021,0.5809454832250976,0.4190545167749023
194,0.7663794384225203,0.7661300290483278,0.5809454832250976,0.4190545167749023
195,0.7663794384225203,0.7661761459309762,0.5809454832250976,0.4190545167749023
196,0.7663794384225203,0.7662164397171249,0.5809454832250976,0.4190545167749023
197,0.7663794384225203,0.7662134396939203,0.5809454832250976,0.4190545167749023
198,0.7663794384225203,0.7661849605526936,0.5809454832250976,0.4190545167749023
199,0.7663794384225203,0.7661334799642038,0.5809454832250976,0.4190545167749023
200,0.7663794384225203,0.7661351032214755,0.5809454832250976,0.4190545167749023
201,0.7663794384225203,0.7661697530879186,0.5809454832250976,0.4190545167749023
202,0.7663794384225203,0.7661394844899589,0.5809454832250976,0.4190545167749023
203,0.7663794384225203,0.7661344254478317,0.5809454832250976,0.4190545167749023
204,0.7663794384225203,0.7660890007747667,0.5809454832250976,0.4190545167749023
205,0.7663794384225203,0.7661969570067806,0.5809454832250976,0.4190545167749023
206,0.7663794384225203,0.7661421110270125,0.5809454832250976,0.4190545167749023
207,0.7663794384225203,0.7661800772467178,0.5809454832250976,0.4190545167749023
208,0.7663794384225203,0.7661467473833279,0.5809454832250976,0.4190545167749023
209,0.7663794384225203,0.7661896597440521,0.5809454832250976,0.4190545167749023
210,0.7663794384225203,0.7661468512080118,0.5809454832250976,0.4190545167749023
211,0.7663794384225203,0.7661183513971089,0.5809454832250976,0.4190545167749023
212,0.7663794384225203,0.7661728779530126,0.5809454832250976,0.4190545167749023
213,0.7663794384225203,0.7661982212156566,0.5809454832250976,0.4190545167749023
214,0.7663794384225203,0.7661796357552728,0.5809454832250976,0.4190545167749023
215,0.7663794384225203,0.7661537195095672,0.5809454832250976,0.4190545167749023
216,0.7663794384225203,0.766150144359796,0.5809454832250976,0.4190545167749023
217,0.7663794384225203,0.7661978290773062,0.5809454832250976,0.4190545167749023
218,0.7663794384225203,0.7661815986003866,0.5809454832250976,0.4190545167749023
219,0.7663794384225203,0.7661961767736495,0.5809454832250976,0.4190545167749023
220,0.7663794384225203,0.7661787609382948,0.5809454832250976,0.4190545167749023
221,0.7663794384225203,0.766111952766746,0.5809454832250976,0.4190545167749023
222,0.7663794384225203,0.766163079504594,0.5809454832250976,0.4190545167749023
223,0.7663794384225203,0.7661848963532766,0.5809454832250976,0.4190545167749023
224,0.7663794384225203,0.7661658314203297,0.5809454832250976,0.4190545167749023
225,0.7663794384225203,0.7662050766585224,0.5809454832250976,0.4190545167749023
226,0.7663794384225203,0.7661877854520374,0.5809454832250976,0.4190545167749023
227,0.7663794384225203,0.766173812448111,0.5809454832250976,0.4190545167749023
228,0.7663794384225203,0.7661265492269157,0.5809454832250976,0.4190545167749023
229,0.7663794384225203,0.7662383687306716,0.5809454832250976,0.4190545167749023
230,0.7663794384225203,0.7661361117031384,0.5809454832250976,0.4190545167749023
231,0.7663794384225203,0.7661640265421226,0.5809454832250976,0.4190545167749023
232,0.7663794384225203,0.7661575766823319,0.5809454832250976,0.4190545167749023
233,0.7663794384225203,0.7662393495980261,0.5809454832250976,0.4190545167749023
234,0.7663794384225203,0.7662091849565815,0.5809454832250976,0.4190545167749023
235,0.7663794384225203,0.7662230956685259,0.5809454832250976,0.4190545167749023
236,0.7663794384225203,0.7661571414279272,0.5809454832250976,0.4190545167749023
237,0.7663794384225203,0.7661996432669074,0.5809454832250976,0.4190545167749023
238,0.7663794384225203,0.7661802575002413,0.5809454832250976,0.4190545167749023
239,0.7663794384225203,0.7661683392022789,0.5809454832250976,0.4190545167749023
240,0.7663794384225203,0.7662009497231305,0.5809454832250976,0.4190545167749023
241,0.7663794384225203,0.7662100283089505,0.5809454832250976,0.4190545167749023
242,0.7663794384225203,0.7661799688516743,0.5809454832250976,0.4190545167749023
243,0.7663794384225203,0.7662263897536243,0.5809454832250976,0.4190545167749023
244,0.7663794384225203,0.7662042218342587,0.5809454832250976,0.4190545167749023
245,0.7663794384225203,0.7661490391408993,0.5809454832250976,0.4190545167749023
246,0.7663794384225203,0.766242964045738,0.5809454832250976,0.4190545167749023
247,0.7663794384225203,0.7662461771865136,0.5809454832250976,0.4190545167749023
248,0.7663794384225203,0.7662413912898026,0.5809454832250976,0.4190545167749023
249,0.7663794384225203,0.7661936612473841,0.5809454832250976,0.4190545167749023
250,0.7663794384225203,0.7662487844496436,0.5809454832250976,0.4190545167749023
251,0.7663794384225203,0.7662385529306223,0.5809454832250976,0.4190545167749023
252,0.7663794384225203,0.7662307452661041,0.5809454832250976,0.4190545167749023
253,0.7663794384225203,0.7661891597311696,0.5809454832250976,0.4190545167749023
254,0.7663794384225203,0.7662107678581767,0.5809454832250976,0.4190545167749023
255,0.7663794384225203,0.7662046477505775,0.5809454832250976,0.4190545167749023
256,0.7663794384225203,0.7662584469051777,0.5809454832250976,0.4190545167749023
257,0.7663794384225203,0.7661853474666105,0.5809454832250976,0.4190545167749023
258,0.7663794384225203,0.7662019524729062,0.5809454832250976,0.4190545167749023
259,0.7663794384225203,0.7662102947083032,0.5809454832250976,0.4190545167749023
260,0.7663794384225203,0.7662037140449508,0.5809454832250976,0.4190545167749023
261,0.7663794384225203,0.766232569730211,0.5809454832250976,0.4190545167749023
262,0.7663794384225203,0.766207059845678,0.5809454832250976,0.4190545167749023
263,0.7663794384225203,0.7662165074750235,0.5809454832250976,0.4190545167749023
264,0.7663794384225203,0.7662528777978528,0.5809454832250976,0.4190545167749023
265,0.7663794384225203,0.7662402225542392,0.5809454832250976,0.4190545167749023
266,0.7663794384225203,0.7662278559949343,0.5809454832250976,0.4190545167749023
267,0.7663794384225203,0.7662285095760109,0.5809454832250976,0.4190545167749023
268,0.7663794384225203,0.7662343570815913,0.5809454832250976,0.4190545167749023
269,0.7663794384225203,0.7661827141324251,0.5809454832250976,0.4190545167749023
270,0.7663794384225203,0.7662026620813134,0.5809454832250976,0.4190545167749023
271,0.7663794384225203,0.7662548246144251,0.5809454832250976,0.4190545167749023
272,0.7663794384225203,0.7662253468625742,0.5809454832250976,0.4190545167749023
273,0.7663794384225203,0.7662201771246181,0.5809454832250976,0.4190545167749023
274,0.7663794384225203,0.7662437342750312,0.5809454832250976,0.4190545167749023
275,0.7663794384225203,0.7662533874213753,0.5809454832250976,0.4190545167749023
276,0.7663794384225203,0.7662142059233176,0.5809454832250976,0.4190545167749023
277,0.7663794384225203,0.7662151437839841,0.5809454832250976,0.4190545167749023
278,0.7663794384225203,0.7662427480454668,0.5809454832250976,0.4190545167749023
279,0.7663794384225203,0.7662584868824007,0.5809454832250976,0.4190545167749023
280,0.7663794384225203,0.7662714980410664,0.5809454832250976,0.4190545167749023
281,0.7663794384225203,0.7661809291375897,0.5809454832250976,0.4190545167749023
282,0.7663794384225203,0.7662390054881175,0.5809454832250976,0.4190545167749023
283,0.7663794384225203,0.7662191344757213,0.5809454832250976,0.4190545167749023
284,0.7663794384225203,0.7662527785705283,0.5809454832250976,0.4190545167749023
285,0.7663794384225203,0.7662349031233961,0.5809454832250976,0.4190545167749023
286,0.7663794384225203,0.7662682735928067,0.5809454832250976,0.4190545167749023
287,0.7663794384225203,0.7662481403617691,0.5809454832250976,0.4190545167749023
288,0.7663794384225203,0.7662214346743985,0.5809454832250976,0.4190545167749023
289,0.7663794384225203,0.7662393025463858,0.5809454832250976,0.4190545167749023
290,0.7663794384225203,0.7662407836247749,0.5809454832250976,0.4190545167749023
291,0.7663794384225203,0.766218340747409,0.5809454832250976,0.4190545167749023
292,0.7663794384225203,0.7662671863152936,0.5809454832250976,0.4190545167749023
293,0.7663794384225203,0.7662345570690302,0.5809454832250976,0.4190545167749023
294,0.7663794384225203,0.7662701595216737,0.5809454832250976,0.4190545167749023
295,0.7663794384225203,0.766293034262526,0.5809454832250976,0.4190545167749023
296,0.7663794384225203,0.766279997542526,0.5809454832250976,0.4190545167749023
297,0.7663794384225203,0.7662415126480824,0.5809454832250976,0.4190545167749023
298,0.7663794384225203,0.7662882928710677,0.5809454832250976,0.4190545167749023
299,0.7663794384225203,0.766313145767129,0.5809454832250976,0.4190545167749023
300,0.7663794384225203,0.7662765352222886,0.5809454832250976,0.4190545167749023
301,0.7663794384225203,0.7662244590605057,0.5809454832250976,0.4190545167749023
302,0.7663794384225203,0.7662734753085341,0.5809454832250976,0.4190545167749023
303,0.7663794384225203,0.7662689752904809,0.5809454832250976,0.4190545167749023
304,0.7663794384225203,0.7662851450236916,0.5809454832250976,0.4190545167749023
305,0.7663794384225203,0.7662523714074299,0.5809454832250976,0.4190545167749023
306,0.7663794384225203,0.766206181995641,0.5809454832250976,0.4190545167749023
307,0.7663794384225203,0.7662937968909601,0.5809454832250976,0.4190545167749023
308,0.7663794384225203,0.7662848352867726,0.5809454832250976,0.4190545167749023
309,0.7663794384225203,0.7662287438879323,0.5809454832250976,0.4190545167749023
310,0.7663794384225203,0.7662906207397292,0.5809454832250976,0.4190545167749023
311,0.7663794384225203,0.766269405138561,0.5809454832250976,0.4190545167749023
312,0.7663794384225203,0.7662827007070059,0.5809454832250976,0.4190545167749023
313,0.7663794384225203,0.7662430684108614,0.5809454832250976,0.4190545167749023
314,0.7663794384225203,0.7662603762109974,0.5809454832250976,0.4190545167749023
315,0.7663794384225203,0.7662449634386528,0.5809454832250976,0.4190545167749023
316,0.7663794384225203,0.7662823984354903,0.5809454832250976,0.4190545167749023
317,0.7663794384225203,0.7662601810181817,0.5809454832250976,0.4190545167749023
318,0.7663794384225203,0.7662804435766255,0.5809454832250976,0.4190545167749023
319,0.7663794384225203,0.7662372918147742,0.5809454832250976,0.4190545167749023
320,0.7663794384225203,0.766240577942496,0.5809454832250976,0.4190545167749023
321,0.7663794384225203,0.7662600471986762,0.5809454832250976,0.4190545167749023
322,0.7663794384225203,0.7662615371243039,0.5809454832250976,0.4190545167749023
323,0.7663794384225203,0.7662721066333162,0.5809454832250976,0.4190545167749023
324,0.7663794384225203,0.7662873833987944,0.5809454832250976,0.4190545167749023
325,0.7663794384225203,0.7662946330515205,0.5809454832250976,0.4190545167749023
326,0.7663794384225203,0.7662735404487055,0.5809454832250976,0.4190545167749023
327,0.7663794384225203,0.7662803675362874,0.5809454832250976,0.4190545167749023
328,0.7663794384225203,0.7662778478037838,0.5809454832250976,0.4190545167749023
329,0.7663794384225203,0.7662510079290777,0.5809454832250976,0.4190545167749023
330,0.7663794384225203,0.766294007271601,0.5809454832250976,0.4190545167749023
331,0.7663794384225203,0.766269514114218,0.5809454832250976,0.4190545167749023
332,0.7663794384225203,0.7662818557960339,0.5809454832250976,0.4190545167749023
333,0.7663794384225203,0.7662667387992093,0.5809454832250976,0.4190545167749023
334,0.7663794384225203,0.7662717569298747,0.5809454832250976,0.4190545167749023
335,0.7663794384225203,0.7662899501363679,0.5809454832250976,0.4190545167749023
336,0.7663794384225203,0.7663126193845631,0.5809454832250976,0.4190545167749023
337,0.7663794384225203,0.7662688317102058,0.5809454832250976,0.4190545167749023
338,0.7663794384225203,0.7662930126490094,0.5809454832250976,0.4190545167749023
339,0.7663794384225203,0.7662763447806249,0.5809454832250976,0.4190545167749023
340,0.7663794384225203,0.7662725351488113,0.5809454832250976,0.4190545167749023
341,0.7663794384225203,0.7662749070098126,0.5809454832250976,0.4190545167749023
342,0.7663794384225203,0.76628696663021,0.5809454832250976,0.4190545167749023
343,0.7663794384225203,0.7662796794036287,0.5809454832250976,0.4190545167749023
344,0.7663794384225203,0.7662935145146517,0.5809454832250976,0.4190545167749023
345,0.7663794384225203,0.7662895782316322,0.5809454832250976,0.4190545167749023
346,0.7663794384225203,0.7662792623027824,0.5809454832250976,0.4190545167749023
347,0.7663794384225203,0.7663243011817633,0.5809454832250976,0.4190545167749023
348,0.7663794384225203,0.7662875281627677,0.5809454832250976,0.4190545167749023
349,0.7663794384225203,0.7663159191704813,0.5809454832250976,0.4190545167749023
350,0.7663794384225203,0.7662964047915342,0.5809454832250976,0.4190545167749023
351,0.7663794384225203,0.766280244284862,0.5809454832250976,0.4190545167749023
352,0.7663794384225203,0.7663240455182109,0.5809454832250976,0.4190545167749023
353,0.7663794384225203,0.7663222312707338,0.5809454832250976,0.4190545167749023
354,0.7663794384225203,0.7663104335725125,0.5809454832250976,0.4190545167749023
355,0.7663794384225203,0.7663200529766541,0.5809454832250976,0.4190545167749023
356,0.7663794384225203,0.7662919078657007,0.5809454832250976,0.4190545167749023
357,0.7663794384225203,0.7662924674440458,0.5809454832250976,0.4190545167749023
358,0.7663794384225203,0.7662961512148027,0.5809454832250976,0.4190545167749023
359,0.7663794384225203,0.7662977840437817,0.5809454832250976,0.4190545167749023
360,0.7663794384225203,0.7663230660987832,0.5809454832250976,0.4190545167749023
361,0.7663794384225203,0.7663039308026107,0.5809454832250976,0.4190545167749023
362,0.7663794384225203,0.76629730235188,0.5809454832250976,0.4190545167749023
363,0.7663794384225203,0.766296588493247,0.5809454832250976,0.4190545167749023
364,0.7663794384225203,0.7662860087911063,0.5809454832250976,0.4190545167749023
365,0.7663794384225203,0.7662972772367536,0.5809454832250976,0.4190545167749023
366,0.7663794384225203,0.7663082932369536,0.5809454832250976,0.4190545167749023
367,0.7663794384225203,0.7662939029020202,0.5809454832250976,0.4190545167749023
368,0.7663794384225203,0.7662954034329863,0.5809454832250976,0.4190545167749023
369,0.7663794384225203,0.7662980775830682,0.5809454832250976,0.4190545167749023
370,0.7663794384225203,0.766304202005905,0.5809454832250976,0.4190545167749023
371,0.7663794384225203,0.7663110845050389,0.5809454832250976,0.4190545167749023
372,0.7663794384225203,0.766327030836359,0.5809454832250976,0.4190545167749023
373,0.7663794384225203,0.7663125978615241,0.5809454832250976,0.4190545167749023
374,0.7663794384225203,0.766295193367003,0.5809454832250976,0.4190545167749023
375,0.7663794384225203,0.7663019228794701,0.5809454832250976,0.4190545167749023
376,0.7663794384225203,0.7663138635010871,0.5809454832250976,0.4190545167749023
377,0.7663794384225203,0.7663140484363391,0.5809454832250976,0.4190545167749023
378,0.7663794384225203,0.7663201314359523,0.5809454832250976,0.4190545167749023
379,0.7663794384225203,0.7663103747910789,0.5809454832250976,0.4190545167749023
380,0.7663794384225203,0.7663028883618399,0.5809454832250976,0.4190545167749023
381,0.7663794384225203,0.7663194123561512,0.5809454832250976,0.4190545167749023
382,0.7663794384225203,0.7663317066118708,0.5809454832250976,0.4190545167749023
383,0.7663794384225203,0.7663312034804415,0.5809454832250976,0.4190545167749023
384,0.7663794384225203,0.766312985842714,0.5809454832250976,0.4190545167749023
385,0.7663794384225203,0.7663335071736513,0.5809454832250976,0.4190545167749023
386,0.7663794384225203,0.7663186159667255,0.5809454832250976,0.4190545167749023
387,0.7663794384225203,0.7663020233925696,0.5809454832250976,0.4190545167749023
388,0.7663794384225203,0.7663323089982549,0.5809454832250976,0.4190545167749023
389,0.7663794384225203,0.7663023260541459,0.5809454832250976,0.4190545167749023
390,0.7663794384225203,0.7663385795836337,0.5809454832250976,0.4190545167749023
391,0.7663794384225203,0.7663113874555796,0.5809454832250976,0.4190545167749023
392,0.7663794384225203,0.7663267684032572,0.5809454832250976,0.4190545167749023
393,0.7663794384225203,0.7663289864215613,0.5809454832250976,0.4190545167749023
394,0.7663794384225203,0.7663132553183398,0.5809454832250976,0.4190545167749023
395,0.7663794384225203,0.7663244999135435,0.5809454832250976,0.4190545167749023
396,0.7663794384225203,0.7663251393690036,0.5809454832250976,0.4190545167749023
397,0.7663794384225203,0.7663329150345877,0.5809454832250976,0.4190545167749023
398,0.7663794384225203,0.7663193315126083,0.5809454832250976,0.4190545167749023
399,0.7663794384225203,0.76633327547336,0.5809454832250976,0.4190545167749023
400,0.7663794384225203,0.7663191586674276,0.5809454832250976,0.4190545167749023
401,0.7663794384225203,0.7663333238600931,0.5809454832250976,0.4190545167749023
402,0.7663794384225203,0.7663199685365644,0.5809454832250976,0.4190545167749023
403,0.7663794384225203,0.7663158952532365,0.5809454832250976,0.4190545167749023
404,0.7663794384225203,0.7663437335057119,0.5809454832250976,0.4190545167749023
405,0.7663794384225203,0.7663313687164909,0.5809454832250976,0.4190545167749023
406,0.7663794384225203,0.7663368141822942,0.5809454832250976,0.4190545167749023
407,0.7663794384225203,0.7663185888742581,0.5809454832250976,0.4190545167749023
408,0.7663794384225203,0.7663361794496326,0.5809454832250976,0.4190545167749023
409,0.7663794384225203,0.7663483408301355,0.5809454832250976,0.4190545167749023
410,0.7663794384225203,0.7663174470030385,0.5809454832250976,0.4190545167749023
411,0.7663794384225203,0.7663450977988906,0.5809454832250976,0.4190545167749023
412,0.7663794384225203,0.7663302893922908,0.5809454832250976,0.4190545167749023
413,0.7663794384225203,0.7663469457310874,0.5809454832250976,0.4190545167749023
414,0.7663794384225203,0.766337935000427,0.5809454832250976,0.4190545167749023
415,0.7663794384225203,0.7663325465229629,0.5809454832250976,0.4190545167749023
416,0.7663794384225203,0.7663359995101379,0.5809454832250976,0.4190545167749023
417,0.7663794384225203,0.7663361548820934,0.5809454832250976,0.4190545167749023
418,0.7663794384225203,0.7663254952717748,0.5809454832250976,0.4190545167749023
419,0.7663794384225203,0.7663330120141747,0.5809454832250976,0.4190545167749023
420,0.7663794384225203,0.766323457872816,0.5809454832250976,0.4190545167749023
421,0.7663794384225203,0.7663439331590618,0.5809454832250976,0.4190545167749023
422,0.7663794384225203,0.7663372127846146,0.5809454832250976,0.4190545167749023
423,0.7663794384225203,0.7663392863411469,0.5809454832250976,0.4190545167749023
424,0.7663794384225203,0.7663411792903128,0.5809454832250976,0.4190545167749023
425,0.7663794384225203,0.7663218416025697,0.5809454832250976,0.4190545167749023
426,0.7663794384225203,0.7663461973087209,0.5809454832250976,0.4190545167749023
427,0.7663794384225203,0.7663351904791931,0.5809454832250976,0.4190545167749023
428,0.7663794384225203,0.7663416495010338,0.5809454832250976,0.4190545167749023
429,0.7663794384225203,0.7663331137442041,0.5809454832250976,0.4190545167749023
430,0.7663794384225203,0.7663427181169606,0.5809454832250976,0.4190545167749023
431,0.7663794384225203,0.7663366393242296,0.5809454832250976,0.4190545167749023
432,0.7663794384225203,0.766336409932363,0.5809454832250976,0.4190545167749023
433,0.7663794384225203,0.7663396649371466,0.5809454832250976,0.4190545167749023
434,0.7663794384225203,0.7663512431780435,0.5809454832250976,0.4190545167749023
435,0.7663794384225203,0.7663358716796888,0.5809454832250976,0.4190545167749023
436,0.7663794384225203,0.766349389109139,0.5809454832250976,0.4190545167749023
437,0.7663794384225203,0.7663459151204141,0.5809454832250976,0.4190545167749023
438,0.7663794384225203,0.7663429068562649,0.5809454832250976,0.4190545167749023
439,0.7663794384225203,0.7663432014340155,0.5809454832250976,0.4190545167749023
440,0.7663794384225203,0.7663510409614798,0.5809454832250976,0.4190545167749023
441,0.7663794384225203,0.7663482955176877,0.5809454832250976,0.4190545167749023
442,0.7663794384225203,0.7663433705426849,0.5809454832250976,0.4190545167749023
443,0.7663794384225203,0.7663521482576625,0.5809454832250976,0.4190545167749023
444,0.7663794384225203,0.7663424568881128,0.5809454832250976,0.4190545167749023
445,0.7663794384225203,0.7663495447864305,0.5809454832250976,0.4190545167749023
446,0.7663794384225203,0.7663432832114297,0.5809454832250976,0.4190545167749023
447,0.7663794384225203,0.7663422042595206,0.5809454832250976,0.4190545167749023
448,0.7663794384225203,0.7663515857420764,0.5809454832250976,0.4190545167749023
449,0.7663794384225203,0.7663529152269783,0.5809454832250976,0.4190545167749023
450,0.7663794384225203,0.7663466933932132,0.5809454832250976,0.4190545167749023
451,0.7663794384225203,0.7663536700454129,0.5809454832250976,0.4190545167749023
452,0.7663794384225203,0.7663510094888872,0.5809454832250976,0.4190545167749023
453,0.7663794384225203,0.7663549059760888,0.5809454832250976,0.4190545167749023
454,0.7663794384225203,0.7663491892568844,0.5809454832250976,0.4190545167749023
455,0.7663794384225203,0.7663613234428379,0.5809454832250976,0.4190545167749023
456,0.7663794384225203,0.76635392473932,0.5809454832250976,0.4190545167749023
457,0.7663794384225203,0.7663578206172428,0.5809454832250976,0.4190545167749023
458,0.7663794384225203,0.7663548892464942,0.5809454832250976,0.4190545167749023
459,0.7663794384225203,0.7663511324121723,0.5809454832250976,0.4190545167749023
460,0.7663794384225203,0.7663586992907516,0.5809454832250976,0.4190545167749023
461,0.7663794384225203,0.7663518499175901,0.5809454832250976,0.4190545167749023
462,0.7663794384225203,0.7663512942917439,0.5809454832250976,0.4190545167749023
463,0.7663794384225203,0.7663557309326288,0.5809454832250976,0.4190545167749023
464,0.7663794384225203,0.7663510646733138,0.5809454832250976,0.4190545167749023
465,0.7663794384225203,0.7663571694686008,0.5809454832250976,0.4190545167749023
466,0.7663794384225203,0.7663598739000822,0.5809454832250976,0.4190545167749023
467,0.7663794384225203,0.7663606236922816,0.5809454832250976,0.4190545167749023
468,0.7663794384225203,0.766354761463121,0.5809454832250976,0.4190545167749023
469,0.7663794384225203,0.7663591038465511,0.5809454832250976,0.4190545167749023
470,0.7663794384225203,0.7663562954072084,0.5809454832250976,0.4190545167749023
471,0.7663794384225203,0.7663558311129025,0.5809454832250976,0.4190545167749023
472,0.7663794384225203,0.7663643382887807,0.5809454832250976,0.4190545167749023
473,0.7663794384225203,0.7663611422484873,0.5809454832250976,0.4190545167749023
474,0.7663794384225203,0.766363266372794,0.5809454832250976,0.4190545167749023
475,0.7663794384225203,0.7663582038038108,0.5809454832250976,0.4190545167749023
476,0.7663794384225203,0.7663585410848668,0.5809454832250976,0.4190545167749023
477,0.7663794384225203,0.766358923603385,0.5809454832250976,0.4190545167749023
478,0.7663794384225203,0.7663620505374034,0.5809454832250976,0.4190545167749023
479,0.7663794384225203,0.7663638382579858,0.5809454832250976,0.4190545167749023
480,0.7663794384225203,0.7663622487920533,0.5809454832250976,0.4190545167749023
481,0.7663794384225203,0.7663577239031584,0.5809454832250976,0.4190545167749023
482,0.7663794384225203,0.7663579937414593,0.5809454832250976,0.4190545167749023
483,0.7663794384225203,0.7663661349298871,0.5809454832250976,0.4190545167749023
484,0.7663794384225203,0.7663596973258064,0.5809454832250976,0.4190545167749023
485,0.7663794384225203,0.7663604659161692,0.5809454832250976,0.4190545167749023
486,0.7663794384225203,0.7663599751830816,0.5809454832250976,0.4190545167749023
487,0.7663794384225203,0.766363322680067,0.5809454832250976,0.4190545167749023
488,0.7663794384225203,0.7663630136026383,0.5809454832250976,0.4190545167749023
489,0.7663794384225203,0.7663656519815752,0.5809454832250976,0.4190545167749023
490,0.7663794384225203,0.7663670146004831,0.5809454832250976,0.4190545167749023
491,0.7663794384225203,0.7663655309535384,0.5809454832250976,0.4190545167749023
492,0.7663794384225203,0.7663694698741618,0.5809454832250976,0.4190545167749023
493,0.7663794384225203,0.7663675308977282,0.5809454832250976,0.4190545167749023
494,0.7663794384225203,0.7663672955495479,0.5809454832250976,0.4190545167749023
495,0.7663794384225203,0.7663682815929617,0.5809454832250976,0.4190545167749023
496,0.7663794384225203,0.7663694372812279,0.5809454832250976,0.4190545167749023
497,0.7663794384225203,0.7663702871330946,0.5809454832250976,0.4190545167749023
498,0.7663794384225203,0.7663661204893903,0.5809454832250976,0.4190545167749023
499,0.7663794384225203,0.7663700052591376,0.5809454832250976,0.4190545167749023
500,0.7663794384225203,0.766364981206997,0.5809454832250976,0.4190545167749023
